{"_timestamp":1.7629599587231047e+09,"_wandb":{"runtime":29},"_runtime":29,"_step":4,"train/loss_sky":0.00020488484005909413,"step":150}