{"epoch":60,"train/loss_sky":3.765038854908198e-05,"_wandb":{"runtime":6160},"val/iou":0.8955548405647278,"_runtime":6160,"step":47950,"_step":1079,"_timestamp":1.7629662821583166e+09,"val/loss":0.05018042027950287}