{"_timestamp":1.7629530778342373e+09,"_wandb":{"runtime":63},"_runtime":63,"_step":16,"train/loss_sky":6.088291684136493e-07,"step":750}