{"epoch":20,"step":15950,"val/loss":0.05675050988793373,"val/iou":0.8713348507881165,"_timestamp":1.7629556220609615e+09,"_runtime":1914,"_step":359,"_wandb":{"runtime":1914},"train/loss_sky":0.008177659474313259}