{"_step":13,"train/loss_sky":0.0008216201676987112,"step":600,"_timestamp":1.7629601195598078e+09,"_wandb":{"runtime":74},"_runtime":74}