{"val/iou":0.8451354503631592,"epoch":5,"train/loss_sky":0.0002712878049351275,"_wandb":{"runtime":511},"_runtime":511,"step":4150,"_step":94,"_timestamp":1.7629597837639499e+09,"val/loss":0.0716472640633583}