{"_runtime":33,"train/loss_sky":0.0003619844501372427,"step":250,"_timestamp":1.7629600125527744e+09,"_step":6,"_wandb":{"runtime":33}}