{"step":47950,"val/iou":0.8880438804626465,"_step":1079,"_timestamp":1.763382014228118e+09,"val/loss":0.039968106895685196,"train/loss_sky":0.0012871385551989079,"_runtime":8894,"epoch":60,"_wandb":{"runtime":8894}}