{"_timestamp":1.7629561428745906e+09,"val/loss":0.06395100802183151,"_runtime":76,"train/loss_sky":0.0018820761470124125,"_wandb":{"runtime":76},"_step":17,"step":750,"val/iou":0.8653027415275574,"epoch":1}