{"_timestamp":1.762940559295515e+09,"_step":17,"val/loss":1.0824988748936448e-05,"val/iou":0.8288345336914062,"_wandb":{"runtime":106},"step":750,"train/loss_sky":6.452070238083252e-07,"epoch":1,"_runtime":106}