{"_timestamp":1.762958347007149e+09,"val/iou":0.8914166688919067,"_runtime":2145,"_step":359,"epoch":20,"train/loss_sky":0.007469798903912306,"_wandb":{"runtime":2145},"step":15950,"val/loss":0.054124586284160614}