{"_step":2,"_wandb":{"runtime":19},"_runtime":19,"train/loss_sky":0.00020339572802186012,"step":50,"_timestamp":1.762959896435636e+09}